"k","signal_mode","method","way","type1_error","n_nonmissing","total_weight","signal_cluster","cluster_n_otus_template","method_label"
2,"abundance","GLaD_0.5_unweighted","abund_sum",0.06,200,87471.7473,NA,NA,"Unweighted GLaD (rho = 0.5)"
2,"abundance","GLaD_0.5_weighted","abund_sum",0.0601,200,87471.7473,NA,NA,"Weighted GLaD (rho = 0.5)"
2,"abundance","GLaD_1_unweighted","abund_sum",0.03,200,87471.7473,NA,NA,"Unweighted GLaD (rho = 1)"
2,"abundance","GLaD_1_weighted","abund_sum",0.08,200,87471.7473,NA,NA,"Weighted GLaD (rho = 1)"
2,"abundance","unifrac_unweighted","abund_sum",0.0399,200,87471.7473,NA,NA,"Unweighted UniFrac"
2,"abundance","unifrac_weighted_phyloseq","abund_sum",0.0603,200,87471.7473,NA,NA,"Weighted UniFrac"
2,"abundance","GUniFrac","abund_sum",0.0501,200,87471.7473,NA,NA,"GUniFrac"
2,"abundance","aitchison","abund_sum",0.0604,200,87471.7473,NA,NA,"Aitchison"
2,"abundance","bray","abund_sum",0.0549,200,87471.7473,NA,NA,"Bray-Curtis"
2,"abundance","euclidean","abund_sum",0.0297,200,87471.7473,NA,NA,"Euclidean"
2,"abundance","jaccard","abund_sum",0.0499,200,87471.7473,NA,NA,"Jaccard"
2,"both","GLaD_0.5_unweighted","abund_sum",0.0397,200,87471.7473,NA,NA,"Unweighted GLaD (rho = 0.5)"
2,"both","GLaD_0.5_weighted","abund_sum",0.0345,200,87471.7473,NA,NA,"Weighted GLaD (rho = 0.5)"
2,"both","GLaD_1_unweighted","abund_sum",0.06,200,87471.7473,NA,NA,"Unweighted GLaD (rho = 1)"
2,"both","GLaD_1_weighted","abund_sum",0.0297,200,87471.7473,NA,NA,"Weighted GLaD (rho = 1)"
2,"both","unifrac_unweighted","abund_sum",0.0497,200,87471.7473,NA,NA,"Unweighted UniFrac"
2,"both","unifrac_weighted_phyloseq","abund_sum",0.0445,200,87471.7473,NA,NA,"Weighted UniFrac"
2,"both","GUniFrac","abund_sum",0.0545,200,87471.7473,NA,NA,"GUniFrac"
2,"both","aitchison","abund_sum",0.0449,200,87471.7473,NA,NA,"Aitchison"
2,"both","bray","abund_sum",0.0649,200,87471.7473,NA,NA,"Bray-Curtis"
2,"both","euclidean","abund_sum",0.0447,200,87471.7473,NA,NA,"Euclidean"
2,"both","jaccard","abund_sum",0.0499,200,87471.7473,NA,NA,"Jaccard"
2,"prevalence","GLaD_0.5_unweighted","abund_sum",0.0501,200,87471.7473,NA,NA,"Unweighted GLaD (rho = 0.5)"
2,"prevalence","GLaD_0.5_weighted","abund_sum",0.0352,200,87471.7473,NA,NA,"Weighted GLaD (rho = 0.5)"
2,"prevalence","GLaD_1_unweighted","abund_sum",0.0452,200,87471.7473,NA,NA,"Unweighted GLaD (rho = 1)"
2,"prevalence","GLaD_1_weighted","abund_sum",0.0303,200,87471.7473,NA,NA,"Weighted GLaD (rho = 1)"
2,"prevalence","unifrac_unweighted","abund_sum",0.0699,200,87471.7473,NA,NA,"Unweighted UniFrac"
2,"prevalence","unifrac_weighted_phyloseq","abund_sum",0.0251,200,87471.7473,NA,NA,"Weighted UniFrac"
2,"prevalence","GUniFrac","abund_sum",0.0399,200,87471.7473,NA,NA,"GUniFrac"
2,"prevalence","aitchison","abund_sum",0.0399,200,87471.7473,NA,NA,"Aitchison"
2,"prevalence","bray","abund_sum",0.0249,200,87471.7473,NA,NA,"Bray-Curtis"
2,"prevalence","euclidean","abund_sum",0.0301,200,87471.7473,NA,NA,"Euclidean"
2,"prevalence","jaccard","abund_sum",0.02,200,87471.7473,NA,NA,"Jaccard"
4,"abundance","GLaD_0.5_unweighted","abund_sum",0.0572,400,87471.7473,NA,NA,"Unweighted GLaD (rho = 0.5)"
4,"abundance","GLaD_0.5_weighted","abund_sum",0.0379,400,87471.7473,NA,NA,"Weighted GLaD (rho = 0.5)"
4,"abundance","GLaD_1_unweighted","abund_sum",0.0588,400,87471.7473,NA,NA,"Unweighted GLaD (rho = 1)"
4,"abundance","GLaD_1_weighted","abund_sum",0.0311,400,87471.7473,NA,NA,"Weighted GLaD (rho = 1)"
4,"abundance","unifrac_unweighted","abund_sum",0.0615,400,87471.7473,NA,NA,"Unweighted UniFrac"
4,"abundance","unifrac_weighted_phyloseq","abund_sum",0.0393,400,87471.7473,NA,NA,"Weighted UniFrac"
4,"abundance","GUniFrac","abund_sum",0.0452,400,87471.7473,NA,NA,"GUniFrac"
4,"abundance","aitchison","abund_sum",0.0391,400,87471.7473,NA,NA,"Aitchison"
4,"abundance","bray","abund_sum",0.0403,400,87471.7473,NA,NA,"Bray-Curtis"
4,"abundance","euclidean","abund_sum",0.0289,400,87471.7473,NA,NA,"Euclidean"
4,"abundance","jaccard","abund_sum",0.0356,400,87471.7473,NA,NA,"Jaccard"
4,"both","GLaD_0.5_unweighted","abund_sum",0.0424,400,87471.7473,NA,NA,"Unweighted GLaD (rho = 0.5)"
4,"both","GLaD_0.5_weighted","abund_sum",0.0709,400,87471.7473,NA,NA,"Weighted GLaD (rho = 0.5)"
4,"both","GLaD_1_unweighted","abund_sum",0.0385,400,87471.7473,NA,NA,"Unweighted GLaD (rho = 1)"
4,"both","GLaD_1_weighted","abund_sum",0.0763,400,87471.7473,NA,NA,"Weighted GLaD (rho = 1)"
4,"both","unifrac_unweighted","abund_sum",0.0497,400,87471.7473,NA,NA,"Unweighted UniFrac"
4,"both","unifrac_weighted_phyloseq","abund_sum",0.0619,400,87471.7473,NA,NA,"Weighted UniFrac"
4,"both","GUniFrac","abund_sum",0.0621,400,87471.7473,NA,NA,"GUniFrac"
4,"both","aitchison","abund_sum",0.0652,400,87471.7473,NA,NA,"Aitchison"
4,"both","bray","abund_sum",0.0524,400,87471.7473,NA,NA,"Bray-Curtis"
4,"both","euclidean","abund_sum",0.0469,400,87471.7473,NA,NA,"Euclidean"
4,"both","jaccard","abund_sum",0.0459,400,87471.7473,NA,NA,"Jaccard"
4,"prevalence","GLaD_0.5_unweighted","abund_sum",0.0508,400,87471.7473,NA,NA,"Unweighted GLaD (rho = 0.5)"
4,"prevalence","GLaD_0.5_weighted","abund_sum",0.0679,400,87471.7473,NA,NA,"Weighted GLaD (rho = 0.5)"
4,"prevalence","GLaD_1_unweighted","abund_sum",0.0389,400,87471.7473,NA,NA,"Unweighted GLaD (rho = 1)"
4,"prevalence","GLaD_1_weighted","abund_sum",0.0587,400,87471.7473,NA,NA,"Weighted GLaD (rho = 1)"
4,"prevalence","unifrac_unweighted","abund_sum",0.0293,400,87471.7473,NA,NA,"Unweighted UniFrac"
4,"prevalence","unifrac_weighted_phyloseq","abund_sum",0.0658,400,87471.7473,NA,NA,"Weighted UniFrac"
4,"prevalence","GUniFrac","abund_sum",0.0541,400,87471.7473,NA,NA,"GUniFrac"
4,"prevalence","aitchison","abund_sum",0.059,400,87471.7473,NA,NA,"Aitchison"
4,"prevalence","bray","abund_sum",0.0749,400,87471.7473,NA,NA,"Bray-Curtis"
4,"prevalence","euclidean","abund_sum",0.0561,400,87471.7473,NA,NA,"Euclidean"
4,"prevalence","jaccard","abund_sum",0.0747,400,87471.7473,NA,NA,"Jaccard"
6,"abundance","GLaD_0.5_unweighted","abund_sum",0.0429,600,87471.7473,NA,NA,"Unweighted GLaD (rho = 0.5)"
6,"abundance","GLaD_0.5_weighted","abund_sum",0.0627,600,87471.7473,NA,NA,"Weighted GLaD (rho = 0.5)"
6,"abundance","GLaD_1_unweighted","abund_sum",0.0377,600,87471.7473,NA,NA,"Unweighted GLaD (rho = 1)"
6,"abundance","GLaD_1_weighted","abund_sum",0.0627,600,87471.7473,NA,NA,"Weighted GLaD (rho = 1)"
6,"abundance","unifrac_unweighted","abund_sum",0.05,600,87471.7473,NA,NA,"Unweighted UniFrac"
6,"abundance","unifrac_weighted_phyloseq","abund_sum",0.0715,600,87471.7473,NA,NA,"Weighted UniFrac"
6,"abundance","GUniFrac","abund_sum",0.0589,600,87471.7473,NA,NA,"GUniFrac"
6,"abundance","aitchison","abund_sum",0.0567,600,87471.7473,NA,NA,"Aitchison"
6,"abundance","bray","abund_sum",0.0461,600,87471.7473,NA,NA,"Bray-Curtis"
6,"abundance","euclidean","abund_sum",0.0436,600,87471.7473,NA,NA,"Euclidean"
6,"abundance","jaccard","abund_sum",0.0461,600,87471.7473,NA,NA,"Jaccard"
6,"both","GLaD_0.5_unweighted","abund_sum",0.0422,600,87471.7473,NA,NA,"Unweighted GLaD (rho = 0.5)"
6,"both","GLaD_0.5_weighted","abund_sum",0.0715,600,87471.7473,NA,NA,"Weighted GLaD (rho = 0.5)"
6,"both","GLaD_1_unweighted","abund_sum",0.0544,600,87471.7473,NA,NA,"Unweighted GLaD (rho = 1)"
6,"both","GLaD_1_weighted","abund_sum",0.0618,600,87471.7473,NA,NA,"Weighted GLaD (rho = 1)"
6,"both","unifrac_unweighted","abund_sum",0.0423,600,87471.7473,NA,NA,"Unweighted UniFrac"
6,"both","unifrac_weighted_phyloseq","abund_sum",0.0565,600,87471.7473,NA,NA,"Weighted UniFrac"
6,"both","GUniFrac","abund_sum",0.0536,600,87471.7473,NA,NA,"GUniFrac"
6,"both","aitchison","abund_sum",0.0341,600,87471.7473,NA,NA,"Aitchison"
6,"both","bray","abund_sum",0.0474,600,87471.7473,NA,NA,"Bray-Curtis"
6,"both","euclidean","abund_sum",0.051,600,87471.7473,NA,NA,"Euclidean"
6,"both","jaccard","abund_sum",0.0498,600,87471.7473,NA,NA,"Jaccard"
6,"prevalence","GLaD_0.5_unweighted","abund_sum",0.0649,600,87471.7473,NA,NA,"Unweighted GLaD (rho = 0.5)"
6,"prevalence","GLaD_0.5_weighted","abund_sum",0.0568,600,87471.7473,NA,NA,"Weighted GLaD (rho = 0.5)"
6,"prevalence","GLaD_1_unweighted","abund_sum",0.0474,600,87471.7473,NA,NA,"Unweighted GLaD (rho = 1)"
6,"prevalence","GLaD_1_weighted","abund_sum",0.0481,600,87471.7473,NA,NA,"Weighted GLaD (rho = 1)"
6,"prevalence","unifrac_unweighted","abund_sum",0.073,600,87471.7473,NA,NA,"Unweighted UniFrac"
6,"prevalence","unifrac_weighted_phyloseq","abund_sum",0.0597,600,87471.7473,NA,NA,"Weighted UniFrac"
6,"prevalence","GUniFrac","abund_sum",0.0564,600,87471.7473,NA,NA,"GUniFrac"
6,"prevalence","aitchison","abund_sum",0.0603,600,87471.7473,NA,NA,"Aitchison"
6,"prevalence","bray","abund_sum",0.0602,600,87471.7473,NA,NA,"Bray-Curtis"
6,"prevalence","euclidean","abund_sum",0.0516,600,87471.7473,NA,NA,"Euclidean"
6,"prevalence","jaccard","abund_sum",0.0596,600,87471.7473,NA,NA,"Jaccard"
8,"abundance","GLaD_0.5_unweighted","abund_sum",0.0416,800,87471.7473,NA,NA,"Unweighted GLaD (rho = 0.5)"
8,"abundance","GLaD_0.5_weighted","abund_sum",0.0501,800,87471.7473,NA,NA,"Weighted GLaD (rho = 0.5)"
8,"abundance","GLaD_1_unweighted","abund_sum",0.0508,800,87471.7473,NA,NA,"Unweighted GLaD (rho = 1)"
8,"abundance","GLaD_1_weighted","abund_sum",0.0397,800,87471.7473,NA,NA,"Weighted GLaD (rho = 1)"
8,"abundance","unifrac_unweighted","abund_sum",0.0398,800,87471.7473,NA,NA,"Unweighted UniFrac"
8,"abundance","unifrac_weighted_phyloseq","abund_sum",0.0427,800,87471.7473,NA,NA,"Weighted UniFrac"
8,"abundance","GUniFrac","abund_sum",0.0404,800,87471.7473,NA,NA,"GUniFrac"
8,"abundance","aitchison","abund_sum",0.0436,800,87471.7473,NA,NA,"Aitchison"
8,"abundance","bray","abund_sum",0.0484,800,87471.7473,NA,NA,"Bray-Curtis"
8,"abundance","euclidean","abund_sum",0.0527,800,87471.7473,NA,NA,"Euclidean"
8,"abundance","jaccard","abund_sum",0.048,800,87471.7473,NA,NA,"Jaccard"
8,"both","GLaD_0.5_unweighted","abund_sum",0.056,800,87471.7473,NA,NA,"Unweighted GLaD (rho = 0.5)"
8,"both","GLaD_0.5_weighted","abund_sum",0.0366,800,87471.7473,NA,NA,"Weighted GLaD (rho = 0.5)"
8,"both","GLaD_1_unweighted","abund_sum",0.058,800,87471.7473,NA,NA,"Unweighted GLaD (rho = 1)"
8,"both","GLaD_1_weighted","abund_sum",0.0516,800,87471.7473,NA,NA,"Weighted GLaD (rho = 1)"
8,"both","unifrac_unweighted","abund_sum",0.0532,800,87471.7473,NA,NA,"Unweighted UniFrac"
8,"both","unifrac_weighted_phyloseq","abund_sum",0.0362,800,87471.7473,NA,NA,"Weighted UniFrac"
8,"both","GUniFrac","abund_sum",0.0384,800,87471.7473,NA,NA,"GUniFrac"
8,"both","aitchison","abund_sum",0.057,800,87471.7473,NA,NA,"Aitchison"
8,"both","bray","abund_sum",0.0249,800,87471.7473,NA,NA,"Bray-Curtis"
8,"both","euclidean","abund_sum",0.0468,800,87471.7473,NA,NA,"Euclidean"
8,"both","jaccard","abund_sum",0.0278,800,87471.7473,NA,NA,"Jaccard"
8,"prevalence","GLaD_0.5_unweighted","abund_sum",0.0481,800,87471.7473,NA,NA,"Unweighted GLaD (rho = 0.5)"
8,"prevalence","GLaD_0.5_weighted","abund_sum",0.0532,800,87471.7473,NA,NA,"Weighted GLaD (rho = 0.5)"
8,"prevalence","GLaD_1_unweighted","abund_sum",0.0447,800,87471.7473,NA,NA,"Unweighted GLaD (rho = 1)"
8,"prevalence","GLaD_1_weighted","abund_sum",0.048,800,87471.7473,NA,NA,"Weighted GLaD (rho = 1)"
8,"prevalence","unifrac_unweighted","abund_sum",0.0509,800,87471.7473,NA,NA,"Unweighted UniFrac"
8,"prevalence","unifrac_weighted_phyloseq","abund_sum",0.0462,800,87471.7473,NA,NA,"Weighted UniFrac"
8,"prevalence","GUniFrac","abund_sum",0.0442,800,87471.7473,NA,NA,"GUniFrac"
8,"prevalence","aitchison","abund_sum",0.0443,800,87471.7473,NA,NA,"Aitchison"
8,"prevalence","bray","abund_sum",0.0442,800,87471.7473,NA,NA,"Bray-Curtis"
8,"prevalence","euclidean","abund_sum",0.0429,800,87471.7473,NA,NA,"Euclidean"
8,"prevalence","jaccard","abund_sum",0.0448,800,87471.7473,NA,NA,"Jaccard"
2,"abundance","GLaD_0.5_unweighted","abund_sum_x_mean_abund",0.06,200,87471.7473,NA,NA,"Unweighted GLaD (rho = 0.5)"
2,"abundance","GLaD_0.5_weighted","abund_sum_x_mean_abund",0.0602,200,87471.7473,NA,NA,"Weighted GLaD (rho = 0.5)"
2,"abundance","GLaD_1_unweighted","abund_sum_x_mean_abund",0.03,200,87471.7473,NA,NA,"Unweighted GLaD (rho = 1)"
2,"abundance","GLaD_1_weighted","abund_sum_x_mean_abund",0.08,200,87471.7473,NA,NA,"Weighted GLaD (rho = 1)"
2,"abundance","unifrac_unweighted","abund_sum_x_mean_abund",0.0398,200,87471.7473,NA,NA,"Unweighted UniFrac"
2,"abundance","unifrac_weighted_phyloseq","abund_sum_x_mean_abund",0.0604,200,87471.7473,NA,NA,"Weighted UniFrac"
2,"abundance","GUniFrac","abund_sum_x_mean_abund",0.0502,200,87471.7473,NA,NA,"GUniFrac"
2,"abundance","aitchison","abund_sum_x_mean_abund",0.0605,200,87471.7473,NA,NA,"Aitchison"
2,"abundance","bray","abund_sum_x_mean_abund",0.0549,200,87471.7473,NA,NA,"Bray-Curtis"
2,"abundance","euclidean","abund_sum_x_mean_abund",0.0296,200,87471.7473,NA,NA,"Euclidean"
2,"abundance","jaccard","abund_sum_x_mean_abund",0.0498,200,87471.7473,NA,NA,"Jaccard"
2,"both","GLaD_0.5_unweighted","abund_sum_x_mean_abund",0.0396,200,87471.7473,NA,NA,"Unweighted GLaD (rho = 0.5)"
2,"both","GLaD_0.5_weighted","abund_sum_x_mean_abund",0.0344,200,87471.7473,NA,NA,"Weighted GLaD (rho = 0.5)"
2,"both","GLaD_1_unweighted","abund_sum_x_mean_abund",0.06,200,87471.7473,NA,NA,"Unweighted GLaD (rho = 1)"
2,"both","GLaD_1_weighted","abund_sum_x_mean_abund",0.0296,200,87471.7473,NA,NA,"Weighted GLaD (rho = 1)"
2,"both","unifrac_unweighted","abund_sum_x_mean_abund",0.0496,200,87471.7473,NA,NA,"Unweighted UniFrac"
2,"both","unifrac_weighted_phyloseq","abund_sum_x_mean_abund",0.0444,200,87471.7473,NA,NA,"Weighted UniFrac"
2,"both","GUniFrac","abund_sum_x_mean_abund",0.0544,200,87471.7473,NA,NA,"GUniFrac"
2,"both","aitchison","abund_sum_x_mean_abund",0.0449,200,87471.7473,NA,NA,"Aitchison"
2,"both","bray","abund_sum_x_mean_abund",0.0649,200,87471.7473,NA,NA,"Bray-Curtis"
2,"both","euclidean","abund_sum_x_mean_abund",0.0446,200,87471.7473,NA,NA,"Euclidean"
2,"both","jaccard","abund_sum_x_mean_abund",0.0498,200,87471.7473,NA,NA,"Jaccard"
2,"prevalence","GLaD_0.5_unweighted","abund_sum_x_mean_abund",0.0502,200,87471.7473,NA,NA,"Unweighted GLaD (rho = 0.5)"
2,"prevalence","GLaD_0.5_weighted","abund_sum_x_mean_abund",0.0353,200,87471.7473,NA,NA,"Weighted GLaD (rho = 0.5)"
2,"prevalence","GLaD_1_unweighted","abund_sum_x_mean_abund",0.0453,200,87471.7473,NA,NA,"Unweighted GLaD (rho = 1)"
2,"prevalence","GLaD_1_weighted","abund_sum_x_mean_abund",0.0304,200,87471.7473,NA,NA,"Weighted GLaD (rho = 1)"
2,"prevalence","unifrac_unweighted","abund_sum_x_mean_abund",0.0698,200,87471.7473,NA,NA,"Unweighted UniFrac"
2,"prevalence","unifrac_weighted_phyloseq","abund_sum_x_mean_abund",0.0251,200,87471.7473,NA,NA,"Weighted UniFrac"
2,"prevalence","GUniFrac","abund_sum_x_mean_abund",0.0398,200,87471.7473,NA,NA,"GUniFrac"
2,"prevalence","aitchison","abund_sum_x_mean_abund",0.0398,200,87471.7473,NA,NA,"Aitchison"
2,"prevalence","bray","abund_sum_x_mean_abund",0.0249,200,87471.7473,NA,NA,"Bray-Curtis"
2,"prevalence","euclidean","abund_sum_x_mean_abund",0.0302,200,87471.7473,NA,NA,"Euclidean"
2,"prevalence","jaccard","abund_sum_x_mean_abund",0.02,200,87471.7473,NA,NA,"Jaccard"
4,"abundance","GLaD_0.5_unweighted","abund_sum_x_mean_abund",0.0549,400,87471.7473,NA,NA,"Unweighted GLaD (rho = 0.5)"
4,"abundance","GLaD_0.5_weighted","abund_sum_x_mean_abund",0.034,400,87471.7473,NA,NA,"Weighted GLaD (rho = 0.5)"
4,"abundance","GLaD_1_unweighted","abund_sum_x_mean_abund",0.0566,400,87471.7473,NA,NA,"Unweighted GLaD (rho = 1)"
4,"abundance","GLaD_1_weighted","abund_sum_x_mean_abund",0.0254,400,87471.7473,NA,NA,"Weighted GLaD (rho = 1)"
4,"abundance","unifrac_unweighted","abund_sum_x_mean_abund",0.0593,400,87471.7473,NA,NA,"Unweighted UniFrac"
4,"abundance","unifrac_weighted_phyloseq","abund_sum_x_mean_abund",0.0348,400,87471.7473,NA,NA,"Weighted UniFrac"
4,"abundance","GUniFrac","abund_sum_x_mean_abund",0.0413,400,87471.7473,NA,NA,"GUniFrac"
4,"abundance","aitchison","abund_sum_x_mean_abund",0.0341,400,87471.7473,NA,NA,"Aitchison"
4,"abundance","bray","abund_sum_x_mean_abund",0.0414,400,87471.7473,NA,NA,"Bray-Curtis"
4,"abundance","euclidean","abund_sum_x_mean_abund",0.0321,400,87471.7473,NA,NA,"Euclidean"
4,"abundance","jaccard","abund_sum_x_mean_abund",0.0349,400,87471.7473,NA,NA,"Jaccard"
4,"both","GLaD_0.5_unweighted","abund_sum_x_mean_abund",0.0435,400,87471.7473,NA,NA,"Unweighted GLaD (rho = 0.5)"
4,"both","GLaD_0.5_weighted","abund_sum_x_mean_abund",0.0683,400,87471.7473,NA,NA,"Weighted GLaD (rho = 0.5)"
4,"both","GLaD_1_unweighted","abund_sum_x_mean_abund",0.0382,400,87471.7473,NA,NA,"Unweighted GLaD (rho = 1)"
4,"both","GLaD_1_weighted","abund_sum_x_mean_abund",0.0765,400,87471.7473,NA,NA,"Weighted GLaD (rho = 1)"
4,"both","unifrac_unweighted","abund_sum_x_mean_abund",0.0486,400,87471.7473,NA,NA,"Unweighted UniFrac"
4,"both","unifrac_weighted_phyloseq","abund_sum_x_mean_abund",0.0592,400,87471.7473,NA,NA,"Weighted UniFrac"
4,"both","GUniFrac","abund_sum_x_mean_abund",0.0621,400,87471.7473,NA,NA,"GUniFrac"
4,"both","aitchison","abund_sum_x_mean_abund",0.0686,400,87471.7473,NA,NA,"Aitchison"
4,"both","bray","abund_sum_x_mean_abund",0.0513,400,87471.7473,NA,NA,"Bray-Curtis"
4,"both","euclidean","abund_sum_x_mean_abund",0.0431,400,87471.7473,NA,NA,"Euclidean"
4,"both","jaccard","abund_sum_x_mean_abund",0.0426,400,87471.7473,NA,NA,"Jaccard"
4,"prevalence","GLaD_0.5_unweighted","abund_sum_x_mean_abund",0.0538,400,87471.7473,NA,NA,"Unweighted GLaD (rho = 0.5)"
4,"prevalence","GLaD_0.5_weighted","abund_sum_x_mean_abund",0.0676,400,87471.7473,NA,NA,"Weighted GLaD (rho = 0.5)"
4,"prevalence","GLaD_1_unweighted","abund_sum_x_mean_abund",0.0345,400,87471.7473,NA,NA,"Unweighted GLaD (rho = 1)"
4,"prevalence","GLaD_1_weighted","abund_sum_x_mean_abund",0.0614,400,87471.7473,NA,NA,"Weighted GLaD (rho = 1)"
4,"prevalence","unifrac_unweighted","abund_sum_x_mean_abund",0.0287,400,87471.7473,NA,NA,"Unweighted UniFrac"
4,"prevalence","unifrac_weighted_phyloseq","abund_sum_x_mean_abund",0.0619,400,87471.7473,NA,NA,"Weighted UniFrac"
4,"prevalence","GUniFrac","abund_sum_x_mean_abund",0.0556,400,87471.7473,NA,NA,"GUniFrac"
4,"prevalence","aitchison","abund_sum_x_mean_abund",0.0664,400,87471.7473,NA,NA,"Aitchison"
4,"prevalence","bray","abund_sum_x_mean_abund",0.0808,400,87471.7473,NA,NA,"Bray-Curtis"
4,"prevalence","euclidean","abund_sum_x_mean_abund",0.0572,400,87471.7473,NA,NA,"Euclidean"
4,"prevalence","jaccard","abund_sum_x_mean_abund",0.0801,400,87471.7473,NA,NA,"Jaccard"
6,"abundance","GLaD_0.5_unweighted","abund_sum_x_mean_abund",0.0461,600,87471.7473,NA,NA,"Unweighted GLaD (rho = 0.5)"
6,"abundance","GLaD_0.5_weighted","abund_sum_x_mean_abund",0.0709,600,87471.7473,NA,NA,"Weighted GLaD (rho = 0.5)"
6,"abundance","GLaD_1_unweighted","abund_sum_x_mean_abund",0.0342,600,87471.7473,NA,NA,"Unweighted GLaD (rho = 1)"
6,"abundance","GLaD_1_weighted","abund_sum_x_mean_abund",0.0679,600,87471.7473,NA,NA,"Weighted GLaD (rho = 1)"
6,"abundance","unifrac_unweighted","abund_sum_x_mean_abund",0.0523,600,87471.7473,NA,NA,"Unweighted UniFrac"
6,"abundance","unifrac_weighted_phyloseq","abund_sum_x_mean_abund",0.0814,600,87471.7473,NA,NA,"Weighted UniFrac"
6,"abundance","GUniFrac","abund_sum_x_mean_abund",0.0698,600,87471.7473,NA,NA,"GUniFrac"
6,"abundance","aitchison","abund_sum_x_mean_abund",0.0584,600,87471.7473,NA,NA,"Aitchison"
6,"abundance","bray","abund_sum_x_mean_abund",0.0513,600,87471.7473,NA,NA,"Bray-Curtis"
6,"abundance","euclidean","abund_sum_x_mean_abund",0.0456,600,87471.7473,NA,NA,"Euclidean"
6,"abundance","jaccard","abund_sum_x_mean_abund",0.0513,600,87471.7473,NA,NA,"Jaccard"
6,"both","GLaD_0.5_unweighted","abund_sum_x_mean_abund",0.0421,600,87471.7473,NA,NA,"Unweighted GLaD (rho = 0.5)"
6,"both","GLaD_0.5_weighted","abund_sum_x_mean_abund",0.0743,600,87471.7473,NA,NA,"Weighted GLaD (rho = 0.5)"
6,"both","GLaD_1_unweighted","abund_sum_x_mean_abund",0.0564,600,87471.7473,NA,NA,"Unweighted GLaD (rho = 1)"
6,"both","GLaD_1_weighted","abund_sum_x_mean_abund",0.0668,600,87471.7473,NA,NA,"Weighted GLaD (rho = 1)"
6,"both","unifrac_unweighted","abund_sum_x_mean_abund",0.0433,600,87471.7473,NA,NA,"Unweighted UniFrac"
6,"both","unifrac_weighted_phyloseq","abund_sum_x_mean_abund",0.0605,600,87471.7473,NA,NA,"Weighted UniFrac"
6,"both","GUniFrac","abund_sum_x_mean_abund",0.0596,600,87471.7473,NA,NA,"GUniFrac"
6,"both","aitchison","abund_sum_x_mean_abund",0.0332,600,87471.7473,NA,NA,"Aitchison"
6,"both","bray","abund_sum_x_mean_abund",0.0493,600,87471.7473,NA,NA,"Bray-Curtis"
6,"both","euclidean","abund_sum_x_mean_abund",0.0515,600,87471.7473,NA,NA,"Euclidean"
6,"both","jaccard","abund_sum_x_mean_abund",0.0489,600,87471.7473,NA,NA,"Jaccard"
6,"prevalence","GLaD_0.5_unweighted","abund_sum_x_mean_abund",0.0653,600,87471.7473,NA,NA,"Unweighted GLaD (rho = 0.5)"
6,"prevalence","GLaD_0.5_weighted","abund_sum_x_mean_abund",0.0558,600,87471.7473,NA,NA,"Weighted GLaD (rho = 0.5)"
6,"prevalence","GLaD_1_unweighted","abund_sum_x_mean_abund",0.0482,600,87471.7473,NA,NA,"Unweighted GLaD (rho = 1)"
6,"prevalence","GLaD_1_weighted","abund_sum_x_mean_abund",0.0465,600,87471.7473,NA,NA,"Weighted GLaD (rho = 1)"
6,"prevalence","unifrac_unweighted","abund_sum_x_mean_abund",0.077,600,87471.7473,NA,NA,"Unweighted UniFrac"
6,"prevalence","unifrac_weighted_phyloseq","abund_sum_x_mean_abund",0.0607,600,87471.7473,NA,NA,"Weighted UniFrac"
6,"prevalence","GUniFrac","abund_sum_x_mean_abund",0.0579,600,87471.7473,NA,NA,"GUniFrac"
6,"prevalence","aitchison","abund_sum_x_mean_abund",0.0613,600,87471.7473,NA,NA,"Aitchison"
6,"prevalence","bray","abund_sum_x_mean_abund",0.0607,600,87471.7473,NA,NA,"Bray-Curtis"
6,"prevalence","euclidean","abund_sum_x_mean_abund",0.0495,600,87471.7473,NA,NA,"Euclidean"
6,"prevalence","jaccard","abund_sum_x_mean_abund",0.0612,600,87471.7473,NA,NA,"Jaccard"
8,"abundance","GLaD_0.5_unweighted","abund_sum_x_mean_abund",0.0378,800,87471.7473,NA,NA,"Unweighted GLaD (rho = 0.5)"
8,"abundance","GLaD_0.5_weighted","abund_sum_x_mean_abund",0.0496,800,87471.7473,NA,NA,"Weighted GLaD (rho = 0.5)"
8,"abundance","GLaD_1_unweighted","abund_sum_x_mean_abund",0.0536,800,87471.7473,NA,NA,"Unweighted GLaD (rho = 1)"
8,"abundance","GLaD_1_weighted","abund_sum_x_mean_abund",0.0343,800,87471.7473,NA,NA,"Weighted GLaD (rho = 1)"
8,"abundance","unifrac_unweighted","abund_sum_x_mean_abund",0.0393,800,87471.7473,NA,NA,"Unweighted UniFrac"
8,"abundance","unifrac_weighted_phyloseq","abund_sum_x_mean_abund",0.0427,800,87471.7473,NA,NA,"Weighted UniFrac"
8,"abundance","GUniFrac","abund_sum_x_mean_abund",0.0413,800,87471.7473,NA,NA,"GUniFrac"
8,"abundance","aitchison","abund_sum_x_mean_abund",0.0446,800,87471.7473,NA,NA,"Aitchison"
8,"abundance","bray","abund_sum_x_mean_abund",0.0507,800,87471.7473,NA,NA,"Bray-Curtis"
8,"abundance","euclidean","abund_sum_x_mean_abund",0.0559,800,87471.7473,NA,NA,"Euclidean"
8,"abundance","jaccard","abund_sum_x_mean_abund",0.0498,800,87471.7473,NA,NA,"Jaccard"
8,"both","GLaD_0.5_unweighted","abund_sum_x_mean_abund",0.0629,800,87471.7473,NA,NA,"Unweighted GLaD (rho = 0.5)"
8,"both","GLaD_0.5_weighted","abund_sum_x_mean_abund",0.0375,800,87471.7473,NA,NA,"Weighted GLaD (rho = 0.5)"
8,"both","GLaD_1_unweighted","abund_sum_x_mean_abund",0.0604,800,87471.7473,NA,NA,"Unweighted GLaD (rho = 1)"
8,"both","GLaD_1_weighted","abund_sum_x_mean_abund",0.0549,800,87471.7473,NA,NA,"Weighted GLaD (rho = 1)"
8,"both","unifrac_unweighted","abund_sum_x_mean_abund",0.0549,800,87471.7473,NA,NA,"Unweighted UniFrac"
8,"both","unifrac_weighted_phyloseq","abund_sum_x_mean_abund",0.0348,800,87471.7473,NA,NA,"Weighted UniFrac"
8,"both","GUniFrac","abund_sum_x_mean_abund",0.0388,800,87471.7473,NA,NA,"GUniFrac"
8,"both","aitchison","abund_sum_x_mean_abund",0.0591,800,87471.7473,NA,NA,"Aitchison"
8,"both","bray","abund_sum_x_mean_abund",0.0235,800,87471.7473,NA,NA,"Bray-Curtis"
8,"both","euclidean","abund_sum_x_mean_abund",0.0446,800,87471.7473,NA,NA,"Euclidean"
8,"both","jaccard","abund_sum_x_mean_abund",0.0259,800,87471.7473,NA,NA,"Jaccard"
8,"prevalence","GLaD_0.5_unweighted","abund_sum_x_mean_abund",0.0429,800,87471.7473,NA,NA,"Unweighted GLaD (rho = 0.5)"
8,"prevalence","GLaD_0.5_weighted","abund_sum_x_mean_abund",0.0545,800,87471.7473,NA,NA,"Weighted GLaD (rho = 0.5)"
8,"prevalence","GLaD_1_unweighted","abund_sum_x_mean_abund",0.0472,800,87471.7473,NA,NA,"Unweighted GLaD (rho = 1)"
8,"prevalence","GLaD_1_weighted","abund_sum_x_mean_abund",0.0494,800,87471.7473,NA,NA,"Weighted GLaD (rho = 1)"
8,"prevalence","unifrac_unweighted","abund_sum_x_mean_abund",0.0493,800,87471.7473,NA,NA,"Unweighted UniFrac"
8,"prevalence","unifrac_weighted_phyloseq","abund_sum_x_mean_abund",0.0476,800,87471.7473,NA,NA,"Weighted UniFrac"
8,"prevalence","GUniFrac","abund_sum_x_mean_abund",0.044,800,87471.7473,NA,NA,"GUniFrac"
8,"prevalence","aitchison","abund_sum_x_mean_abund",0.0451,800,87471.7473,NA,NA,"Aitchison"
8,"prevalence","bray","abund_sum_x_mean_abund",0.0396,800,87471.7473,NA,NA,"Bray-Curtis"
8,"prevalence","euclidean","abund_sum_x_mean_abund",0.0424,800,87471.7473,NA,NA,"Euclidean"
8,"prevalence","jaccard","abund_sum_x_mean_abund",0.0391,800,87471.7473,NA,NA,"Jaccard"
2,"abundance","GLaD_0.5_unweighted","max_n_otu_cluster",0.06,100,87471.7473,1,308,"Unweighted GLaD (rho = 0.5)"
2,"abundance","GLaD_0.5_weighted","max_n_otu_cluster",0.07,100,87471.7473,1,308,"Weighted GLaD (rho = 0.5)"
2,"abundance","GLaD_1_unweighted","max_n_otu_cluster",0.03,100,87471.7473,1,308,"Unweighted GLaD (rho = 1)"
2,"abundance","GLaD_1_weighted","max_n_otu_cluster",0.08,100,87471.7473,1,308,"Weighted GLaD (rho = 1)"
2,"abundance","unifrac_unweighted","max_n_otu_cluster",0.03,100,87471.7473,1,308,"Unweighted UniFrac"
2,"abundance","unifrac_weighted_phyloseq","max_n_otu_cluster",0.08,100,87471.7473,1,308,"Weighted UniFrac"
2,"abundance","GUniFrac","max_n_otu_cluster",0.06,100,87471.7473,1,308,"GUniFrac"
2,"abundance","aitchison","max_n_otu_cluster",0.09,100,87471.7473,1,308,"Aitchison"
2,"abundance","bray","max_n_otu_cluster",0.05,100,87471.7473,1,308,"Bray-Curtis"
2,"abundance","euclidean","max_n_otu_cluster",0.01,100,87471.7473,1,308,"Euclidean"
2,"abundance","jaccard","max_n_otu_cluster",0.04,100,87471.7473,1,308,"Jaccard"
2,"both","GLaD_0.5_unweighted","max_n_otu_cluster",0.02,100,87471.7473,1,308,"Unweighted GLaD (rho = 0.5)"
2,"both","GLaD_0.5_weighted","max_n_otu_cluster",0,100,87471.7473,1,308,"Weighted GLaD (rho = 0.5)"
2,"both","GLaD_1_unweighted","max_n_otu_cluster",0.06,100,87471.7473,1,308,"Unweighted GLaD (rho = 1)"
2,"both","GLaD_1_weighted","max_n_otu_cluster",0.01,100,87471.7473,1,308,"Weighted GLaD (rho = 1)"
2,"both","unifrac_unweighted","max_n_otu_cluster",0.03,100,87471.7473,1,308,"Unweighted UniFrac"
2,"both","unifrac_weighted_phyloseq","max_n_otu_cluster",0.01,100,87471.7473,1,308,"Weighted UniFrac"
2,"both","GUniFrac","max_n_otu_cluster",0.02,100,87471.7473,1,308,"GUniFrac"
2,"both","aitchison","max_n_otu_cluster",0.04,100,87471.7473,1,308,"Aitchison"
2,"both","bray","max_n_otu_cluster",0.06,100,87471.7473,1,308,"Bray-Curtis"
2,"both","euclidean","max_n_otu_cluster",0.02,100,87471.7473,1,308,"Euclidean"
2,"both","jaccard","max_n_otu_cluster",0.04,100,87471.7473,1,308,"Jaccard"
2,"prevalence","GLaD_0.5_unweighted","max_n_otu_cluster",0.06,100,87471.7473,1,308,"Unweighted GLaD (rho = 0.5)"
2,"prevalence","GLaD_0.5_weighted","max_n_otu_cluster",0.05,100,87471.7473,1,308,"Weighted GLaD (rho = 0.5)"
2,"prevalence","GLaD_1_unweighted","max_n_otu_cluster",0.06,100,87471.7473,1,308,"Unweighted GLaD (rho = 1)"
2,"prevalence","GLaD_1_weighted","max_n_otu_cluster",0.05,100,87471.7473,1,308,"Weighted GLaD (rho = 1)"
2,"prevalence","unifrac_unweighted","max_n_otu_cluster",0.06,100,87471.7473,1,308,"Unweighted UniFrac"
2,"prevalence","unifrac_weighted_phyloseq","max_n_otu_cluster",0.03,100,87471.7473,1,308,"Weighted UniFrac"
2,"prevalence","GUniFrac","max_n_otu_cluster",0.03,100,87471.7473,1,308,"GUniFrac"
2,"prevalence","aitchison","max_n_otu_cluster",0.03,100,87471.7473,1,308,"Aitchison"
2,"prevalence","bray","max_n_otu_cluster",0.02,100,87471.7473,1,308,"Bray-Curtis"
2,"prevalence","euclidean","max_n_otu_cluster",0.04,100,87471.7473,1,308,"Euclidean"
2,"prevalence","jaccard","max_n_otu_cluster",0.02,100,87471.7473,1,308,"Jaccard"
4,"abundance","GLaD_0.5_unweighted","max_n_otu_cluster",0.05,100,87471.7473,2,154,"Unweighted GLaD (rho = 0.5)"
4,"abundance","GLaD_0.5_weighted","max_n_otu_cluster",0.03,100,87471.7473,2,154,"Weighted GLaD (rho = 0.5)"
4,"abundance","GLaD_1_unweighted","max_n_otu_cluster",0.05,100,87471.7473,2,154,"Unweighted GLaD (rho = 1)"
4,"abundance","GLaD_1_weighted","max_n_otu_cluster",0.01,100,87471.7473,2,154,"Weighted GLaD (rho = 1)"
4,"abundance","unifrac_unweighted","max_n_otu_cluster",0.06,100,87471.7473,2,154,"Unweighted UniFrac"
4,"abundance","unifrac_weighted_phyloseq","max_n_otu_cluster",0.03,100,87471.7473,2,154,"Weighted UniFrac"
4,"abundance","GUniFrac","max_n_otu_cluster",0.03,100,87471.7473,2,154,"GUniFrac"
4,"abundance","aitchison","max_n_otu_cluster",0.02,100,87471.7473,2,154,"Aitchison"
4,"abundance","bray","max_n_otu_cluster",0.06,100,87471.7473,2,154,"Bray-Curtis"
4,"abundance","euclidean","max_n_otu_cluster",0.05,100,87471.7473,2,154,"Euclidean"
4,"abundance","jaccard","max_n_otu_cluster",0.05,100,87471.7473,2,154,"Jaccard"
4,"both","GLaD_0.5_unweighted","max_n_otu_cluster",0.07,100,87471.7473,2,154,"Unweighted GLaD (rho = 0.5)"
4,"both","GLaD_0.5_weighted","max_n_otu_cluster",0.05,100,87471.7473,2,154,"Weighted GLaD (rho = 0.5)"
4,"both","GLaD_1_unweighted","max_n_otu_cluster",0.04,100,87471.7473,2,154,"Unweighted GLaD (rho = 1)"
4,"both","GLaD_1_weighted","max_n_otu_cluster",0.06,100,87471.7473,2,154,"Weighted GLaD (rho = 1)"
4,"both","unifrac_unweighted","max_n_otu_cluster",0.06,100,87471.7473,2,154,"Unweighted UniFrac"
4,"both","unifrac_weighted_phyloseq","max_n_otu_cluster",0.05,100,87471.7473,2,154,"Weighted UniFrac"
4,"both","GUniFrac","max_n_otu_cluster",0.07,100,87471.7473,2,154,"GUniFrac"
4,"both","aitchison","max_n_otu_cluster",0.1,100,87471.7473,2,154,"Aitchison"
4,"both","bray","max_n_otu_cluster",0.04,100,87471.7473,2,154,"Bray-Curtis"
4,"both","euclidean","max_n_otu_cluster",0.03,100,87471.7473,2,154,"Euclidean"
4,"both","jaccard","max_n_otu_cluster",0.04,100,87471.7473,2,154,"Jaccard"
4,"prevalence","GLaD_0.5_unweighted","max_n_otu_cluster",0.06,100,87471.7473,2,154,"Unweighted GLaD (rho = 0.5)"
4,"prevalence","GLaD_0.5_weighted","max_n_otu_cluster",0.07,100,87471.7473,2,154,"Weighted GLaD (rho = 0.5)"
4,"prevalence","GLaD_1_unweighted","max_n_otu_cluster",0.02,100,87471.7473,2,154,"Unweighted GLaD (rho = 1)"
4,"prevalence","GLaD_1_weighted","max_n_otu_cluster",0.07,100,87471.7473,2,154,"Weighted GLaD (rho = 1)"
4,"prevalence","unifrac_unweighted","max_n_otu_cluster",0.02,100,87471.7473,2,154,"Unweighted UniFrac"
4,"prevalence","unifrac_weighted_phyloseq","max_n_otu_cluster",0.05,100,87471.7473,2,154,"Weighted UniFrac"
4,"prevalence","GUniFrac","max_n_otu_cluster",0.07,100,87471.7473,2,154,"GUniFrac"
4,"prevalence","aitchison","max_n_otu_cluster",0.1,100,87471.7473,2,154,"Aitchison"
4,"prevalence","bray","max_n_otu_cluster",0.1,100,87471.7473,2,154,"Bray-Curtis"
4,"prevalence","euclidean","max_n_otu_cluster",0.03,100,87471.7473,2,154,"Euclidean"
4,"prevalence","jaccard","max_n_otu_cluster",0.09,100,87471.7473,2,154,"Jaccard"
6,"abundance","GLaD_0.5_unweighted","max_n_otu_cluster",0.07,100,87471.7473,2,103,"Unweighted GLaD (rho = 0.5)"
6,"abundance","GLaD_0.5_weighted","max_n_otu_cluster",0.1,100,87471.7473,2,103,"Weighted GLaD (rho = 0.5)"
6,"abundance","GLaD_1_unweighted","max_n_otu_cluster",0.02,100,87471.7473,2,103,"Unweighted GLaD (rho = 1)"
6,"abundance","GLaD_1_weighted","max_n_otu_cluster",0.09,100,87471.7473,2,103,"Weighted GLaD (rho = 1)"
6,"abundance","unifrac_unweighted","max_n_otu_cluster",0.07,100,87471.7473,2,103,"Unweighted UniFrac"
6,"abundance","unifrac_weighted_phyloseq","max_n_otu_cluster",0.11,100,87471.7473,2,103,"Weighted UniFrac"
6,"abundance","GUniFrac","max_n_otu_cluster",0.11,100,87471.7473,2,103,"GUniFrac"
6,"abundance","aitchison","max_n_otu_cluster",0.05,100,87471.7473,2,103,"Aitchison"
6,"abundance","bray","max_n_otu_cluster",0.07,100,87471.7473,2,103,"Bray-Curtis"
6,"abundance","euclidean","max_n_otu_cluster",0.05,100,87471.7473,2,103,"Euclidean"
6,"abundance","jaccard","max_n_otu_cluster",0.07,100,87471.7473,2,103,"Jaccard"
6,"both","GLaD_0.5_unweighted","max_n_otu_cluster",0.04,100,87471.7473,2,103,"Unweighted GLaD (rho = 0.5)"
6,"both","GLaD_0.5_weighted","max_n_otu_cluster",0.09,100,87471.7473,2,103,"Weighted GLaD (rho = 0.5)"
6,"both","GLaD_1_unweighted","max_n_otu_cluster",0.06,100,87471.7473,2,103,"Unweighted GLaD (rho = 1)"
6,"both","GLaD_1_weighted","max_n_otu_cluster",0.09,100,87471.7473,2,103,"Weighted GLaD (rho = 1)"
6,"both","unifrac_unweighted","max_n_otu_cluster",0.05,100,87471.7473,2,103,"Unweighted UniFrac"
6,"both","unifrac_weighted_phyloseq","max_n_otu_cluster",0.08,100,87471.7473,2,103,"Weighted UniFrac"
6,"both","GUniFrac","max_n_otu_cluster",0.08,100,87471.7473,2,103,"GUniFrac"
6,"both","aitchison","max_n_otu_cluster",0.03,100,87471.7473,2,103,"Aitchison"
6,"both","bray","max_n_otu_cluster",0.06,100,87471.7473,2,103,"Bray-Curtis"
6,"both","euclidean","max_n_otu_cluster",0.05,100,87471.7473,2,103,"Euclidean"
6,"both","jaccard","max_n_otu_cluster",0.05,100,87471.7473,2,103,"Jaccard"
6,"prevalence","GLaD_0.5_unweighted","max_n_otu_cluster",0.06,100,87471.7473,2,103,"Unweighted GLaD (rho = 0.5)"
6,"prevalence","GLaD_0.5_weighted","max_n_otu_cluster",0.06,100,87471.7473,2,103,"Weighted GLaD (rho = 0.5)"
6,"prevalence","GLaD_1_unweighted","max_n_otu_cluster",0.06,100,87471.7473,2,103,"Unweighted GLaD (rho = 1)"
6,"prevalence","GLaD_1_weighted","max_n_otu_cluster",0.05,100,87471.7473,2,103,"Weighted GLaD (rho = 1)"
6,"prevalence","unifrac_unweighted","max_n_otu_cluster",0.09,100,87471.7473,2,103,"Unweighted UniFrac"
6,"prevalence","unifrac_weighted_phyloseq","max_n_otu_cluster",0.07,100,87471.7473,2,103,"Weighted UniFrac"
6,"prevalence","GUniFrac","max_n_otu_cluster",0.06,100,87471.7473,2,103,"GUniFrac"
6,"prevalence","aitchison","max_n_otu_cluster",0.06,100,87471.7473,2,103,"Aitchison"
6,"prevalence","bray","max_n_otu_cluster",0.06,100,87471.7473,2,103,"Bray-Curtis"
6,"prevalence","euclidean","max_n_otu_cluster",0.03,100,87471.7473,2,103,"Euclidean"
6,"prevalence","jaccard","max_n_otu_cluster",0.06,100,87471.7473,2,103,"Jaccard"
8,"abundance","GLaD_0.5_unweighted","max_n_otu_cluster",0.03,100,87471.7473,2,77,"Unweighted GLaD (rho = 0.5)"
8,"abundance","GLaD_0.5_weighted","max_n_otu_cluster",0.04,100,87471.7473,2,77,"Weighted GLaD (rho = 0.5)"
8,"abundance","GLaD_1_unweighted","max_n_otu_cluster",0.07,100,87471.7473,2,77,"Unweighted GLaD (rho = 1)"
8,"abundance","GLaD_1_weighted","max_n_otu_cluster",0.02,100,87471.7473,2,77,"Weighted GLaD (rho = 1)"
8,"abundance","unifrac_unweighted","max_n_otu_cluster",0.03,100,87471.7473,2,77,"Unweighted UniFrac"
8,"abundance","unifrac_weighted_phyloseq","max_n_otu_cluster",0.04,100,87471.7473,2,77,"Weighted UniFrac"
8,"abundance","GUniFrac","max_n_otu_cluster",0.05,100,87471.7473,2,77,"GUniFrac"
8,"abundance","aitchison","max_n_otu_cluster",0.04,100,87471.7473,2,77,"Aitchison"
8,"abundance","bray","max_n_otu_cluster",0.06,100,87471.7473,2,77,"Bray-Curtis"
8,"abundance","euclidean","max_n_otu_cluster",0.07,100,87471.7473,2,77,"Euclidean"
8,"abundance","jaccard","max_n_otu_cluster",0.06,100,87471.7473,2,77,"Jaccard"
8,"both","GLaD_0.5_unweighted","max_n_otu_cluster",0.09,100,87471.7473,2,77,"Unweighted GLaD (rho = 0.5)"
8,"both","GLaD_0.5_weighted","max_n_otu_cluster",0.03,100,87471.7473,2,77,"Weighted GLaD (rho = 0.5)"
8,"both","GLaD_1_unweighted","max_n_otu_cluster",0.07,100,87471.7473,2,77,"Unweighted GLaD (rho = 1)"
8,"both","GLaD_1_weighted","max_n_otu_cluster",0.05,100,87471.7473,2,77,"Weighted GLaD (rho = 1)"
8,"both","unifrac_unweighted","max_n_otu_cluster",0.05,100,87471.7473,2,77,"Unweighted UniFrac"
8,"both","unifrac_weighted_phyloseq","max_n_otu_cluster",0.02,100,87471.7473,2,77,"Weighted UniFrac"
8,"both","GUniFrac","max_n_otu_cluster",0.03,100,87471.7473,2,77,"GUniFrac"
8,"both","aitchison","max_n_otu_cluster",0.07,100,87471.7473,2,77,"Aitchison"
8,"both","bray","max_n_otu_cluster",0.02,100,87471.7473,2,77,"Bray-Curtis"
8,"both","euclidean","max_n_otu_cluster",0.02,100,87471.7473,2,77,"Euclidean"
8,"both","jaccard","max_n_otu_cluster",0.02,100,87471.7473,2,77,"Jaccard"
8,"prevalence","GLaD_0.5_unweighted","max_n_otu_cluster",0.04,100,87471.7473,2,77,"Unweighted GLaD (rho = 0.5)"
8,"prevalence","GLaD_0.5_weighted","max_n_otu_cluster",0.05,100,87471.7473,2,77,"Weighted GLaD (rho = 0.5)"
8,"prevalence","GLaD_1_unweighted","max_n_otu_cluster",0.07,100,87471.7473,2,77,"Unweighted GLaD (rho = 1)"
8,"prevalence","GLaD_1_weighted","max_n_otu_cluster",0.05,100,87471.7473,2,77,"Weighted GLaD (rho = 1)"
8,"prevalence","unifrac_unweighted","max_n_otu_cluster",0.05,100,87471.7473,2,77,"Unweighted UniFrac"
8,"prevalence","unifrac_weighted_phyloseq","max_n_otu_cluster",0.05,100,87471.7473,2,77,"Weighted UniFrac"
8,"prevalence","GUniFrac","max_n_otu_cluster",0.03,100,87471.7473,2,77,"GUniFrac"
8,"prevalence","aitchison","max_n_otu_cluster",0.05,100,87471.7473,2,77,"Aitchison"
8,"prevalence","bray","max_n_otu_cluster",0.02,100,87471.7473,2,77,"Bray-Curtis"
8,"prevalence","euclidean","max_n_otu_cluster",0.04,100,87471.7473,2,77,"Euclidean"
8,"prevalence","jaccard","max_n_otu_cluster",0.02,100,87471.7473,2,77,"Jaccard"
